Aradszki;András
Móring;József Attila
Salacz;László
Szeberényi;Gyula Tamás
Font;Sándor
Lezsák;Sándor
Bányai;Gábor
Zsigó;Róbert
Mellár;Tamás
Hoppál;Péter
Hargitai;János
Nagy;Csaba
Herczeg;Tamás
Dankó;Béla
Kovács;József
Erdős;Norbert
Csöbör;Katalin
Kiss;János
Riz;Gábor
Demeter;Zoltán
Hörcsik;Richárd
Koncz;Zsófia
Tállai;András
Csárdi;Antal
Orosz;Anna
Hajnal;Miklós
Tordai;Bence
Oláh;Lajos
Jámbor;András
Hiszékeny;Dezső
Hadházy;Ákos
Arató;Gergely
Szabó;Tímea
Varju;László
Barkóczi;Balázs
Vajda;Zoltán
Dunai;Mónika
Kunhalmi;Ágnes
Hiller;István
Szabó;Szabolcs
Tóth;Endre
Szabó;Sándor
Mihálffy;Béla
Farkas;Sándor
Lázár;János
Vargha;Tamás
Törő;Gábor
Tessely;Zoltán
Mészáros;Lajos
Varga;Gábor
Simon;Róbert Balázs
Kara;Ákos
Gyopáros;Alpár
Barcza;Attila
Nagy;István
Kósa;Lajos
Pósán;László
Tasó;László
Vitányi;István
Bodó;Sándor
Tiba;István
Pajtók;Gábor
Horváth;László
Szabó;Zsolt
Kállai;Mária
Pócs;János
F. Kovács;Sándor
Herczeg;Zsolt
Bencsik;János
Erős;Gábor
Czunyiné Bertalan;Judit
Becsó;Zsolt
Balla;Mihály
Aradszki;András
Menczer;Tamás
Vitályos;Eszter
Rétvári;Bence
Tuzson;Bence
Vécsey;László
Szűcs;Lajos
Bóna;Zoltán
Czerván;György
Pogácsás;Tibor
Pánczél;Károly
Földi;László
Gelencsér;Attila
Szászfalvi;László
Móring;József Attila
Witzmann;Mihály
Szabó;Tünde
Vinnai;Győző
Seszták;Miklós
Tilki;Attila
Kovács;Sándor
Simon;Miklós
Horváth;István
Potápi;Árpád János
Süli;János
Hende;Csaba
Ágh;Péter
V. Németh;Zsolt
Ovádi;Péter
Kontrát;Károly
Navracsics;Tibor
Kovács;Zoltán
Vigh;László
Nagy;Bálint
Cseresnyés;Péter
Balla;György
Bánki;Erik
Bartos;Mónika
Budai;Gyula
Demeter;András
Dömötör;Csaba
Fazekas;Sándor
Ferencz;Orsolya
Fónagy;János
Földesi;Gyula
Gulyás;Gergely
Győrffy;Balázs
Halász;János
Héjj;Dávid Ádám
Illés;Boglárka
Jakab;István
Kocsis;Máté
Kovács;Zsolt
Kövér;László
Kubatov;Gábor
Láng;Zsolt
Mátrai;Márta
Molnár;Ágnes
Németh;Szilárd
Németh;Zsolt
Nyitrai;Zsolt
Orbán;Balázs
Orbán;Viktor
Pesti;Imre
Rogán;Antal
Selmeczi;Gabriella
Szatmáry;Kristóf
Szijjártó;Péter
Sztojka;Attila
Tapolczai;Gergely
Turi-Kovács;Béla
Varga;Judit
Varga;Mihály
Zsigmond;Barna Pál
Harrach;Péter
Hollik;István
Juhász;Hajnalka
Latorcai;János
Nacsa;Lőrinc
Semjén;Zsolt
Simicskó;István
Soltész;Miklós
Vejkey;Imre
Dávid;Ferenc
Gréczy;Zsolt
Gy. Németh;Erzsébet
Gyurcsány;Ferenc
Hegedüs;Andrea
Kálmán;Olga
Komáromi;Zoltán
Ráczné Földi;Judit
Sebián-Petrovszki;László
Vadai;Ágnes
Varga;Zoltán
Bedő;Dávid
Fekete-Győr;András
Gelencsér;Ferenc
Lőcsei;Lajos
Sebők;Éva
Tompos;Márton
Ander;Balázs
Balassa;Péter
Bencze;János
Brenner;Koloman
Dudás;Róbert
Lukács;László György
Sas;Zoltán
Zsiga-Kárpát;Dániel
Gurmai;Zita
Harangozó;Tamás
Komjáthi;Imre
Molnár;Zsolt
Tóth;Bertalan
Berki;Sándor
Szabó;Rebeka
Bakos;Bernadett
Kanász-Nagy;Máté
Keresztes;László Lóránt
Ungár;Péter
Apáti;István
Dócs;Dávid
Dúró;Dóra
Novák;Előd
Szabadi;István
Toroczkai;László
Ritter;Imre
Jakab;Péter
Varga;Ferenc
